<region name="Jamaica" leader="Portia Simpson-Miller" capital="Kingston">
<sub_region red="130" green="130" blue="130" name="Hanover" capital="Lucea"/>
<sub_region red="135" green="135" blue="135" name="Saint Elizabeth" capital="Black River"/>
<sub_region red="140" green="140" blue="140" name="Saint James" capital="Montego Bay"/>
<sub_region red="145" green="145" blue="145" name="Trelawny" capital="Falmouth"/>
<sub_region red="150" green="150" blue="150" name="Westmoreland" capital="Savanna-la-Mar"/>
<sub_region red="155" green="155" blue="155" name="Clarendon" capital="May Pen"/>
<sub_region red="160" green="160" blue="160" name="Manchester" capital="Mandeville"/>
<sub_region red="165" green="165" blue="165" name="Saint Ann" capital="St. Ann's Bay"/>
<sub_region red="170" green="170" blue="170" name="Saint Catherine" capital="Spanish Town"/>
<sub_region red="175" green="175" blue="175" name="Saint Mary" capital="Port Maria"/>
<sub_region red="180" green="180" blue="180" name="Kingston" capital="Kingston"/>
<sub_region red="185" green="185" blue="185" name="Portland" capital="Port Antonio"/>
<sub_region red="190" green="190" blue="190" name="Saint Andrew" capital="Half Way Tree"/>
<sub_region red="195" green="195" blue="195" name="Saint Thomas" capital="Morant Bay"/>
</region>