<region name="Libya" leader="Mohammed al-Magariaf" capital="Tripoli">
	<sub_region red="200" green="200" blue="200" name="An Nuqat al Khams" capital="Zuwara"/>
	<sub_region red="198" green="198" blue="198" name="Yafran-Jadu" capital="Yafran"/>
	<sub_region red="196" green="196" blue="196" name="Nalut" capital="Nalut"/>
	<sub_region red="194" green="194" blue="194" name="Sabrathah Surman" capital="Sabrathah"/>
	<sub_region red="192" green="192" blue="192" name="Az Zawiyah" capital="Zawiyah"/>
	<sub_region red="190" green="190" blue="190" name="Tarabulus" capital="Tripoli"/>
	<sub_region red="188" green="188" blue="188" name="Al Jifarah" capital="'Aziziya'"/>
	<sub_region red="186" green="186" blue="186" name="Gharyan" capital="Gharyan"/>
	<sub_region red="184" green="184" blue="184" name="Tajura' wa an Nawahi al Arba" capital="Tajura"/>
	<sub_region red="182" green="182" blue="182" name="Tahunah-Masallath" capital="Tarhunah"/>
	<sub_region red="180" green="180" blue="180" name="Al Marqab" capital="Khoms"/>
	<sub_region red="178" green="178" blue="178" name="Misratah" capital="Misratah"/>
	<sub_region red="176" green="176" blue="176" name="Bani Walid" capital="Bani Walid"/>
	<sub_region red="174" green="174" blue="174" name="Mizdah" capital="Mizdah"/>
	<sub_region red="172" green="172" blue="172" name="Ghadamis" capital="Ghadamis"/>
	<sub_region red="170" green="170" blue="170" name="Surt" capital="Surt"/>
	<sub_region red="168" green="168" blue="168" name="Al Jufrah" capital="Hun"/>
	<sub_region red="166" green="166" blue="166" name="Ash Shati'" capital="Brak"/>
	<sub_region red="164" green="164" blue="164" name="Ghat" capital="Ghat"/>
	<sub_region red="162" green="162" blue="162" name="Sabha" capital="Sabha"/>
	<sub_region red="160" green="160" blue="160" name="Wadi al Hayat" capital="Ubari"/>
	<sub_region red="158" green="158" blue="158" name="Darnah" capital="Darnah"/>
	<sub_region red="156" green="156" blue="156" name="Al Qubbah" capital="Al Qubbah"/>
	<sub_region red="154" green="154" blue="154" name="Al Jabal al Akhdar" capital="Bayda"/>
	<sub_region red="152" green="152" blue="152" name="Al Marj" capital="Marj"/>
	<sub_region red="150" green="150" blue="150" name="Benghazi" capital="Benghazi"/>
	<sub_region red="148" green="148" blue="148" name="Al Hizam al Akhdar" capital="Abyar"/>
	<sub_region red="146" green="146" blue="146" name="Al Butnan" capital="Tobruk"/>
	<sub_region red="144" green="144" blue="144" name="Al Wahah" capital="Ajdabiya"/>
	<sub_region red="142" green="142" blue="142" name="Ajdabiya" capital="Ajdabiya"/>
	<sub_region red="140" green="140" blue="140" name="Murzuq" capital="Murzuk"/>
	<sub_region red="138" green="138" blue="138" name="Al Kufrah" capital="Al Jawf"/>
</region>