<region name="Romania" leader="Traian Basescu" capital="Bucharest">
	<sub_region red="100" green="100" blue="100" name="Calarasi" capital="Călărași"/>
	<sub_region red="102" green="102" blue="102" name="Braila" capital="Braila"/>
	<sub_region red="105" green="105" blue="105" name="Tulcea" capital="Tulcea"/>
	<sub_region red="107" green="107" blue="107" name="Ialomita" capital="Ialomita"/>
	<sub_region red="110" green="110" blue="110" name="Constanta" capital=Constanta/>
	<sub_region red="112" green="112" blue="112" name="Buzau" capital="Buzau"/>
	<sub_region red="115" green="115" blue="115" name="Timis" capital="Timis"/>
	<sub_region red="117" green="117" blue="117" name="Galati" capital="Galati"/>
	<sub_region red="120" green="120" blue="120" name="Arad" capital="Arad"/>
	<sub_region red="122" green="122" blue="122" name="Vrance" capital="Vrance"/>
	<sub_region red="125" green="125" blue="125" name="Caras Severin" capital="Caras Severin"/>
	<sub_region red="127" green="127" blue="127" name="Vaslui" capital="Vaslui"/>
	<sub_region red="130" green="130" blue="130" name="Mehedinti" capital="Mehedinti"/>
	<sub_region red="132" green="132" blue="132" name="Bacau" capital="Bacau"/>
	<sub_region red="135" green="135" blue="135" name="Gorj" capital="Gorj"/>
	<sub_region red="137" green="137" blue="137" name="Iasi" capital="Iasi"/>
	<sub_region red="140" green="140" blue="140" name="Hunedorara" capital="Hunedorara"/>
	<sub_region red="142" green="142" blue="142" name="Neamt" capital="Neamt"/>
	<sub_region red="145" green="145" blue="145" name="Dolj" capital="Dolj"/>
	<sub_region red="147" green="147" blue="147" name="Botosani" capital="Botosani"/>
	<sub_region red="150" green="150" blue="150" name="Bihor" capital="Bihor"/>
	<sub_region red="152" green="152" blue="152" name="Harghita" capital="Harghita"/>
	<sub_region red="155" green="155" blue="155" name="Cluj" capital="Cluj"/>
	<sub_region red="157" green="157" blue="157" name="Covasna" capital="Covasna"/>
	<sub_region red="160" green="160" blue="160" name="Alba" capital="Alba"/>
	<sub_region red="162" green="162" blue="162" name="Arges" capital="Arges"/>
	<sub_region red="165" green="165" blue="165" name="Valcea" capital="Valcea"/>
	<sub_region red="167" green="167" blue="167" name="Brasov" capital="Brasov"/>
	<sub_region red="170" green="170" blue="170" name="Olt" capital="Olt"/>
	<sub_region red="172" green="172" blue="172" name="Prahova" capital="Prahova"/>
	<sub_region red="175" green="175" blue="175" name="Sibiu" capital="Sibiu"/>
	<sub_region red="177" green="177" blue="177" name="Dambovita" capital="Dambovita"/>
	<sub_region red="180" green="180" blue="180" name="Satu Mare" capital="Satu Mare"/>
	<sub_region red="182" green="182" blue="182" name="Ilfov" capital="Ilfov"/>
	<sub_region red="185" green="185" blue="185" name="Salaj" capital="Salaj"/>
	<sub_region red="187" green="187" blue="187" name="Giurgiu" capital="Giurgiu"/>
	<sub_region red="190" green="190" blue="190" name="Maramures" capital="Maramures"/>
	<sub_region red="192" green="192" blue="192" name="Teleorman" capital="Teleorman"/>
	<sub_region red="195" green="195" blue="195" name="Bistrita Nasaud" capital="Bistrita Nasaud"/>
	<sub_region red="200" green="200" blue="200" name="Mures" capital="Târgu Mures"/>
	<sub_region red="205" green="205" blue="205" name="Suceava" capital="Suceava"/>
</region>