<?xml version="1.0" encoding="UTF-8"?>

<region name="Niger" leader="Mahamadou Issoufou" capital="Niamey">
    <sub_region red="120" green="120" blue="120" name="Agadez"      capital="Agadez" />
    <sub_region red="110" green="110" blue="110" name="Diffa"        capital="Diffa" />
    <sub_region red="100" green="100" blue="100" name="Zinder"           capital="Zinder" />
    <sub_region red="90" green="90" blue="90" name="Maradi"         capital="Maradi" />
    <sub_region red="80" green="80" blue="80" name="Tahoua"          capital="Tahoua" />
    <sub_region red="70" green="70" blue="70" name="Tillaberi"        capital="Tillaberi" />
    <sub_region red="60" green="60" blue="60" name="Niamey"          capital="Niamey" />
    <sub_region red="50" green="50" blue="50" name="Dosso"          capital="Dosso" />
    
</region>

