<?xml version="1.0" encoding="UTF-8" standalone="yes"?>
<?mso-application progid="Word.Document"?>
<w:wordDocument xmlns:w="http://schemas.microsoft.com/office/word/2003/wordml" xmlns:v="urn:schemas-microsoft-com:vml" xmlns:w10="urn:schemas-microsoft-com:office:word" xmlns:sl="http://schemas.microsoft.com/schemaLibrary/2003/core" xmlns:aml="http://schemas.microsoft.com/aml/2001/core" xmlns:wx="http://schemas.microsoft.com/office/word/2003/auxHint" xmlns:o="urn:schemas-microsoft-com:office:office" xmlns:dt="uuid:C2F41010-65B3-11d1-A29F-00AA00C14882" w:macrosPresent="no" w:embeddedObjPresent="no" w:ocxPresent="no" xml:space="preserve"><o:DocumentProperties></o:DocumentProperties><w:fonts><w:defaultFonts w:ascii="Times New Roman" w:fareast="Times New Roman" w:h-ansi="Times New Roman" w:cs="Times New Roman"/></w:fonts><w:docPr></w:docPr><w:body><wx:sect><w:p><w:pPr></w:pPr><w:r><w:rPr><w:rFonts w:ascii="Helvetica" w:h-ansi="Helvetica" w:cs="Helvetica"/><wx:font wx:val="Helvetica"/><w:sz w:val="24"/><w:sz-cs w:val="24"/></w:rPr><w:t>&lt;?xml version="1.0" encoding="UTF-8"?&gt;</w:t></w:r></w:p><w:p><w:pPr></w:pPr><w:r><w:rPr><w:rFonts w:ascii="Helvetica" w:h-ansi="Helvetica" w:cs="Helvetica"/><wx:font wx:val="Helvetica"/><w:sz w:val="24"/><w:sz-cs w:val="24"/></w:rPr><w:t></w:t></w:r></w:p><w:p><w:pPr></w:pPr><w:r><w:rPr><w:rFonts w:ascii="Helvetica" w:h-ansi="Helvetica" w:cs="Helvetica"/><wx:font wx:val="Helvetica"/><w:sz w:val="24"/><w:sz-cs w:val="24"/></w:rPr><w:t>&lt;region name="Cayman Islands " leader="Julianna O'Connor-Connolly" </w:t><w:tab/><w:t></w:t><w:tab/><w:t>capital="George Town"&gt;</w:t></w:r></w:p><w:p><w:pPr></w:pPr><w:r><w:rPr><w:rFonts w:ascii="Helvetica" w:h-ansi="Helvetica" w:cs="Helvetica"/><wx:font wx:val="Helvetica"/><w:sz w:val="24"/><w:sz-cs w:val="24"/></w:rPr><w:t>    &lt;sub_region red="200" green="200" blue="200" name="Cayman Brac"      </w:t><w:tab/><w:t>capital="George Town" /&gt;</w:t></w:r></w:p><w:p><w:pPr></w:pPr><w:r><w:rPr><w:rFonts w:ascii="Helvetica" w:h-ansi="Helvetica" w:cs="Helvetica"/><wx:font wx:val="Helvetica"/><w:sz w:val="24"/><w:sz-cs w:val="24"/></w:rPr><w:t>    &lt;sub_region red="205" green="205" blue="205" name="Little Cayman"        </w:t><w:tab/><w:t>capital="George Town" /&gt;</w:t></w:r></w:p><w:p><w:pPr></w:pPr><w:r><w:rPr><w:rFonts w:ascii="Helvetica" w:h-ansi="Helvetica" w:cs="Helvetica"/><wx:font wx:val="Helvetica"/><w:sz w:val="24"/><w:sz-cs w:val="24"/></w:rPr><w:t>    &lt;sub_region red="210" green="210" blue="210" name="East End"           </w:t><w:tab/><w:t>capital="George Town" /&gt;</w:t></w:r></w:p><w:p><w:pPr></w:pPr><w:r><w:rPr><w:rFonts w:ascii="Helvetica" w:h-ansi="Helvetica" w:cs="Helvetica"/><wx:font wx:val="Helvetica"/><w:sz w:val="24"/><w:sz-cs w:val="24"/></w:rPr><w:t>    &lt;sub_region red="215" green="215" blue="215" name="North Side"         </w:t><w:tab/><w:t>capital="George Town" /&gt;</w:t></w:r></w:p><w:p><w:pPr></w:pPr><w:r><w:rPr><w:rFonts w:ascii="Helvetica" w:h-ansi="Helvetica" w:cs="Helvetica"/><wx:font wx:val="Helvetica"/><w:sz w:val="24"/><w:sz-cs w:val="24"/></w:rPr><w:t>    &lt;sub_region red="220" green="220" blue="220" name="Bodden Town"        </w:t><w:tab/><w:t>capital="George Town" /&gt;</w:t></w:r></w:p><w:p><w:pPr></w:pPr><w:r><w:rPr><w:rFonts w:ascii="Helvetica" w:h-ansi="Helvetica" w:cs="Helvetica"/><wx:font wx:val="Helvetica"/><w:sz w:val="24"/><w:sz-cs w:val="24"/></w:rPr><w:t>    &lt;sub_region red="225" green="225" blue="225" name="George Town"        </w:t><w:tab/><w:t>capital="George Town" /&gt;</w:t></w:r></w:p><w:p><w:pPr></w:pPr><w:r><w:rPr><w:rFonts w:ascii="Helvetica" w:h-ansi="Helvetica" w:cs="Helvetica"/><wx:font wx:val="Helvetica"/><w:sz w:val="24"/><w:sz-cs w:val="24"/></w:rPr><w:t>    &lt;sub_region red="230" green="230" blue="230" name="West Bay"          </w:t><w:tab/><w:t>capital="George Town" /&gt;</w:t></w:r></w:p><w:p><w:pPr></w:pPr><w:r><w:rPr><w:rFonts w:ascii="Helvetica" w:h-ansi="Helvetica" w:cs="Helvetica"/><wx:font wx:val="Helvetica"/><w:sz w:val="24"/><w:sz-cs w:val="24"/></w:rPr><w:t></w:t></w:r></w:p><w:p><w:pPr></w:pPr><w:r><w:rPr><w:rFonts w:ascii="Helvetica" w:h-ansi="Helvetica" w:cs="Helvetica"/><wx:font wx:val="Helvetica"/><w:sz w:val="24"/><w:sz-cs w:val="24"/></w:rPr><w:t>&lt;/region&gt;</w:t></w:r></w:p><w:sectPr><w:pgSz w:w="12240" w:h="15840"/><w:pgMar w:top="1440" w:right="1440" w:bottom="1440" w:left="1440"/></w:sectPr></wx:sect></w:body></w:wordDocument>