<?xml version="1.0" encoding="UTF-8"?>

<region name="Cameroon" leader="Paul Biya" capital="Yaounde">
    <sub_region red="230" green="230" blue="230" name="Far North"      capital="Maroua" />
    <sub_region red="220" green="220" blue="220" name="North"        capital="Garoua" />
    <sub_region red="210" green="210" blue="210" name="Adamawa"           capital="Ngaoundere" />
    <sub_region red="200" green="200" blue="200" name="Northwest"         capital="Bamenda" />
    <sub_region red="190" green="190" blue="190" name="West"          capital="Bafoussam" />
    <sub_region red="180" green="180" blue="180" name="Southwest"        capital="Buea" />
    <sub_region red="170" green="170" blue="170" name="Littoral"          capital="Douala" />
    <sub_region red="160" green="160" blue="160" name="Centre"          capital="Yaounde" />
    <sub_region red="150" green="150" blue="150" name="East"         capital="Bertoua" />
    <sub_region red="140" green="140" blue="140" name="South"          capital="Ebolowa" />
</region>

