<?xml version="1.0" encoding="UTF-8"?>

<region name="Mexico" leader="Enrique Peña Nieto" capital="Mexico City">
    <sub_region red="200" green="200" blue="200" name="Aguascalientes"      capital="Aguascalientes" />
    <sub_region red="198" green="198" blue="198" name="Baja California"     capital="Mexicali" />
    <sub_region red="196" green="196" blue="196" name="Baja California Sur" capital="La Paz" />
    <sub_region red="194" green="194" blue="194" name="Campeche"            capital="San Francisco de Campeche" />
    <sub_region red="192" green="192" blue="192" name="Chiapas"             capital="Tuxtla Gutierrez" />
    <sub_region red="190" green="190" blue="190" name="Chihuahua"           capital="Chihuahua" />
    <sub_region red="188" green="188" blue="188" name="Coahuila"            capital="Saltillo" />
    <sub_region red="186" green="186" blue="186" name="Colima"              capital="Colima" />
    <sub_region red="184" green="184" blue="184" name="Durango"             capital="Victoria de Durango" />
    <sub_region red="182" green="182" blue="182" name="Guanajuato"          capital="Guanajuato" />
    <sub_region red="180" green="180" blue="180" name="Guerrero"            capital="Chilpancingo de los Bravos" />
    <sub_region red="178" green="178" blue="178" name="Hidalgo"             capital="Pachuca" />
    <sub_region red="176" green="176" blue="176" name="Jalisco"             capital="Guadalajara" />
    <sub_region red="174" green="174" blue="174" name="Mexico"              capital="Toluca de Lerdo" />
    <sub_region red="172" green="172" blue="172" name="Michoacan"           capital="Morelia" />
    <sub_region red="170" green="170" blue="170" name="Morelos"             capital="Cuernavaca" />
    <sub_region red="168" green="168" blue="168" name="Nayarit"             capital="Tepic" />
    <sub_region red="166" green="166" blue="166" name="Nuevo Leon"          capital="Monterrey" />
    <sub_region red="164" green="164" blue="164" name="Oaxaca"              capital="Oaxaca de Juarez" />
    <sub_region red="162" green="162" blue="162" name="Puebla"              capital="Puebla de Zaragoza" />
    <sub_region red="160" green="160" blue="160" name="Queretaro"           capital="Santiago de Queretaro" />
    <sub_region red="158" green="158" blue="158" name="Quintana Roo"        capital="Chetumal" />
    <sub_region red="156" green="156" blue="156" name="San Luis Potosi"     capital="San Luis Potosi" />
    <sub_region red="154" green="154" blue="154" name="Sinaloa"             capital="Culiacan" />
    <sub_region red="152" green="152" blue="152" name="Sonora"              capital="Hermosillo" />
    <sub_region red="150" green="150" blue="150" name="Tabasco"             capital="Villahermosa" />
    <sub_region red="148" green="148" blue="148" name="Tamaulipas"          capital="Ciudad Victoria" />
    <sub_region red="146" green="146" blue="146" name="Tlaxcala"            capital="Tlaxcala" />
    <sub_region red="144" green="144" blue="144" name="Veracruz"            capital="Xalapa" />
    <sub_region red="142" green="142" blue="142" name="Yucatan"             capital="Merida" />
    <sub_region red="140" green="140" blue="140" name="Zacatecas"           capital="Zacatecas" />
</region>

