<region name="Yemen" leader="Abd Rabbuh Mansur Hadi" capital="Sana'a">
<sub_region red="200" green="200" blue="200" name="Adan" capital="Aden"/>
<sub_region red="198" green="198" blue="198" name="Amran" capital="Amran"/>
<sub_region red="196" green="196" blue="196" name="Abyan" capital="Zinjibar"/>
<sub_region red="194" green="194" blue="194" name="Ad Dali" capital="Ad Dali"/>
<sub_region red="192" green="192" blue="192" name="Al Bayda" capital="Al Bayda"/>
<sub_region red="190" green="190" blue="190" name="Al Hudaydah" capital="Al Hudaydah"/>
<sub_region red="188" green="188" blue="188" name="Al Jawf" capital="Al Jawf"/>
<sub_region red="186" green="186" blue="186" name="Al Mahrah" capital="Al Ghaydah"/>
<sub_region red="184" green="184" blue="184" name="Al Mahwit" capital="Al Mahwit"/>
<sub_region red="182" green="182" blue="182" name="Amanat Al Asimah" capital="San'a'"/>
<sub_region red="180" green="180" blue="180" name="Dhamar" capital="Dhamar"/>
<sub_region red="178" green="178" blue="178" name="Hadramaut" capital="Al Mukalla"/>
<sub_region red="176" green="176" blue="176" name="Hajjah" capital="Hajjah"/>
<sub_region red="174" green="174" blue="174" name="Ibb" capital="Ibb"/>
<sub_region red="172" green="172" blue="172" name="Lahij" capital="Lahij"/>
<sub_region red="170" green="170" blue="170" name="Ma'rib" capital="Ma'rib"/>
<sub_region red="168" green="168" blue="168" name="Raymah" capital="Raymah"/>
<sub_region red="166" green="166" blue="166" name="Sa'dah" capital="Sa'dah"/>
<sub_region red="164" green="164" blue="164" name="Sana'a" capital="Sana'a"/>
<sub_region red="162" green="162" blue="162" name="Shabwah" capital="Ataq"/>
<sub_region red="160" green="160" blue="160" name="Ta'izz" capital="Ta'izz"/>
</region>