<region name="Germany" leader="Angela Merkel" capital="Berlin">
<sub_region red="100" green="100" blue="100" name="Schleswig-Holstein" capital="Kiel"/>
<sub_region red="110" green="110" blue="110" name="Hamburg" capital="Hamburg"/>
<sub_region red="120" green="120" blue="120" name="Lower-Saxony" capital="Hanover"/>
<sub_region red="130" green="130" blue="130" name="Bremen" capital="Bremen"/>
<sub_region red="140" green="140" blue="140" name="North Rhine-Westphalia" capital="Duesseldorf"/>
<sub_region red="150" green="150" blue="150" name="Hesse" capital="Wiesbaden"/>
<sub_region red="160" green="160" blue="160" name="Rhineland-Palatinate" capital="Mainz"/>
<sub_region red="170" green="170" blue="170" name="Saarland" capital="Saarbruecken"/>
<sub_region red="180" green="180" blue="180" name="Baden-Wuerttemberg" capital="Stuttgart"/>
<sub_region red="190" green="190" blue="190" name="Bavaria" capital="Munich"/>
<sub_region red="200" green="200" blue="200" name="Thuringia" capital="Erfurt"/>
<sub_region red="210" green="210" blue="210" name="Saxony" capital="Dresden"/>
<sub_region red="220" green="220" blue="220" name="Saxony Anhalt" capital="Magdeburg"/>
<sub_region red="230" green="230" blue="230" name="Brandenburg" capital="Potsdam"/>
<sub_region red="240" green="240" blue="240" name="Berlin" capital="Berlin"/>
<sub_region red="250" green="250" blue="250" name="Mecklenburg-Western Pomerania" capital="Schwerin"/>
</region>