<?xml version="1.0" encoding="UTF-8"?>

<region name="North Korea" leader="Kim Jong Un" capital="Pyongyang">
    <sub_region red="200" green="200" blue="200" name="Rason" capital="Rason"/>
    <sub_region red="195" green="195" blue="195" name="North Hamgyong" capital="Chongjin"/>
    <sub_region red="190" green="190" blue="190" name="Ryanggang" capital="Hyesan"/>
    <sub_region red="185" green="185" blue="185" name="South Hamgyong" capital="Hamhung"/>
    <sub_region red="180" green="180" blue="180" name="Chagang" capital="Kanggye"/>
    <sub_region red="175" green="175" blue="175" name="North Pyongan" capital="Sinuiju"/>
    <sub_region red="170" green="170" blue="170" name="South Pyongan" capital="Pyongsong"/>
    <sub_region red="165" green="165" blue="165" name="Pyongyang" capital="Pyongang"/>
    <sub_region red="160" green="160" blue="160" name="South Hwanghae" capital="Haeju"/>
    <sub_region red="155" green="155" blue="155" name="North Hwanghae" capital="Sariwon"/>
    <sub_region red="150" green="150" blue="150" name="Kangwon" capital="Wonsan"/>
    <sub_region red="145" green="145" blue="145" name="Kaesong" capital="Kaesong"/>
</region>

