<?xml version="1.0" encoding="UTF-8"?>

<region name="North America">
  <sub_region red="220" green="220" blue="220" name="Bermuda" capital="Hamilton" />
  <sub_region red="218" green="218" blue="218" name="Canada" capital="Ottawa" />
  <sub_region red="216" green="216" blue="216" name="Greenland" capital="Nuuk" />
  <sub_region red="214" green="214" blue="214" name="Mexico" capital="Mexico City" />
  <sub_region red="212" green="212" blue="212" name="St. Pierre and Miquelon" capital="Saint-Pierre" />
  <sub_region red="210" green="210" blue="210" name="United States of America" capital="Washington D. C." />
  <sub_region red="208" green="208" blue="208" name="Anguilla" capital="The Valley" />
  <sub_region red="204" green="204" blue="204" name="Bahamas" capital="Nassau" />
  <sub_region red="200" green="200" blue="200" name="Cayman Islands" capital="George Town" />
  <sub_region red="198" green="198" blue="198" name="Cuba" capital="Havana" />
  <sub_region red="192" green="192" blue="192" name="Dominican Republic" capital="Santo Domingo" />
  <sub_region red="186" green="186" blue="186" name="Haiti" capital="Port-au-Prince" />
  <sub_region red="184" green="184" blue="184" name="Jamaica" capital="Kingston" />
  <sub_region red="178" green="178" blue="178" name="Puerto Rico" capital="San Juan" />
  <sub_region red="156" green="156" blue="156" name="Belize" capital="Belmopan" />
  <sub_region red="154" green="154" blue="154" name="Costa Rica" capital="San Jose" />
  <sub_region red="152" green="152" blue="152" name="El Salvador" capital="San Salvador" />
  <sub_region red="150" green="150" blue="150" name="Guatemala" capital="Guatemala City" />
  <sub_region red="148" green="148" blue="148" name="Honduras" capital="Tegucigalpa" />
  <sub_region red="146" green="146" blue="146" name="Nicaragua" capital="Managua" />
  <sub_region red="144" green="144" blue="144" name="Panama" capital="Panama City" />
</region>