<?xml version="1.0" encoding="UTF-8"?>

<region name="Austria" leader="Heinz Fischer" capital="Vienna">
    <sub_region red="200" green="200" blue="200" name="Vorarlberg" capital="Bregenz" />
    <sub_region red="198" green="198" blue="198" name="Tyrol" capital="Innsbruck" />
    <sub_region red="196" green="196" blue="196" name="Salzburg" capital="Salzburg" />
    <sub_region red="194" green="194" blue="194" name="Carinthia" capital="Klagenfurt" />
    <sub_region red="192" green="192" blue="192" name="Styria" capital="Graz" />
    <sub_region red="190" green="190" blue="190" name="Burgenland" capital="Eisenstadt" />
    <sub_region red="188" green="188" blue="188" name="Upper Austria" capital="Linz" />
    <sub_region red="186" green="186" blue="186" name="Lower Austria" capital="Sankt Polten" />
    <sub_region red="184" green="184" blue="184" name="Vienna" capital="Vienna" />
</region>

