<region name="Lithuania" leader="Dalia Grybauskaite" capital="Vilnius">
<sub_region red="229" green="229" blue="229" name="Klaipeda" capital="Klaipeda"/>
<sub_region red="226" green="226" blue="226" name="Telsiai" capital="Telsiai"/>
<sub_region red="223" green="223" blue="223" name="Taurage" capital="Taurage"/>
<sub_region red="220" green="220" blue="220" name="Siauliai" capital="Siauliai"/>
<sub_region red="217" green="217" blue="217" name="Kaunas" capital="Kaunas"/>
<sub_region red="214" green="214" blue="214" name="Marijampole" capital="Marijampole"/>
<sub_region red="211" green="211" blue="211" name="Alytus" capital="Alytus"/>
<sub_region red="208" green="208" blue="208" name="Paneveys" capital="Paneveys"/>
<sub_region red="205" green="205" blue="205" name="Utena" capital="Utena"/>
<sub_region red="202" green="202" blue="202" name="Vilnius" capital="Vilnius"/>
</region>