<?xml version="1.0" encoding="UTF-8"?>

<region name="Nauru" leader="Sprent Dabwido" capital="Yaren">
    <sub_region red="76" green="76" blue="76" name="Meneng"  />
    <sub_region red="75" green="75" blue="75" name="Yaren"  />
    <sub_region red="74" green="74" blue="74" name="Boe"  />
    <sub_region red="84" green="84" blue="84" name="Aiwo"  />
    <sub_region red="85" green="85" blue="85" name="Buada"  />
    <sub_region red="86" green="86" blue="86" name="Anibare"  />
    <sub_region red="94" green="94" blue="94" name="Denigomodu"  />
    <sub_region red="95" green="95" blue="95" name="Nibok"  />
    <sub_region red="96" green="96" blue="96" name="Uaboe"  />
    <sub_region red="97" green="97" blue="97" name="Balti"  />
    <sub_region red="98" green="98" blue="98" name="Ijuw"  />
    <sub_region red="99" green="99" blue="99" name="Anabar"  />
    <sub_region red="100" green="100" blue="100" name="Anetan"  />
    <sub_region red="101" green="101" blue="101" name="Ewa"  />
</region>