<?xml version="1.0" encoding="UTF-8"?>

<region name="Uganda" leader="Yoweri Museveni" capital="Kampala">
    <sub_region red="200" green="200" blue="200" name="Kotido"      capital="Kotido" />
    <sub_region red="198" green="198" blue="198" name="Moroto"        capital="Moroto" />
    <sub_region red="196" green="196" blue="196" name="Kitgum"           capital="Kitgum" />
    <sub_region red="194" green="194" blue="194" name="Kapchorwa"         capital="Kapchorwa" />
    <sub_region red="192" green="192" blue="192" name="Gulu"          capital="Gulu" />
    <sub_region red="190" green="190" blue="190" name="Lira"        capital="Lira" />
    <sub_region red="188" green="188" blue="188" name="Soroti"          capital="Soroti" />
    <sub_region red="186" green="186" blue="186" name="Mbale"          capital="Mbale" />
    <sub_region red="184" green="184" blue="184" name="Kumi"         capital="Kumi" />
    <sub_region red="182" green="182" blue="182" name="Torere"          capital="Torere" />
    <sub_region red="180" green="180" blue="180" name="Apec"           capital="Apec" />
    <sub_region red="178" green="178" blue="178" name="Pallisa"       capital="Pallisa" />
    <sub_region red="176" green="176" blue="176" name="Iganga"   capital="Iganga" />
    <sub_region red="174" green="174" blue="174" name="Kumuli"           capital="Kumuli" />
    <sub_region red="172" green="172" blue="172" name="Jinja"          capital="Jinja" />
    <sub_region red="170" green="170" blue="170" name="Moyo"           capital="Moyo" />
    <sub_region red="168" green="168" blue="168" name="Aura"        capital="Aura" />
    <sub_region red="166" green="166" blue="166" name="Nebbi"           capital="Nebbi" />
    <sub_region red="164" green="164" blue="164" name="Masindi"         capital="Masindi" />
    <sub_region red="162" green="162" blue="162" name="Mokuno"          capital="Mokuno" />
    <sub_region red="160" green="160" blue="160" name="Luwero"       capital="Luwero" />
    <sub_region red="158" green="158" blue="158" name="Mpigi"          capital="Kampala" />
    <sub_region red="156" green="156" blue="156" name="Hoima"          capital="Hoima" />
    <sub_region red="154" green="154" blue="154" name="Kiboga"         capital="Kiboga" />
    <sub_region red="152" green="152" blue="152" name="Mubende"         capital="Mubende" />
    <sub_region red="150" green="150" blue="150" name="Masaka"            capital="Masaka" />
    <sub_region red="148" green="148" blue="148" name="Rakai"        capital="Rakai" />
    <sub_region red="146" green="146" blue="146" name="Kibale"         capital="Kibale" />
    <sub_region red="144" green="144" blue="144" name="Bundibugyo"           capital="Bundibugyo" />
    <sub_region red="142" green="142" blue="142" name="Fort Portal"           capital="Fort Portal" />
    <sub_region red="140" green="140" blue="140" name="Mbarara"           capital="Mbarara" />
    <sub_region red="138" green="138" blue="138" name="Kasese"          capital="Kasese" />
    <sub_region red="136" green="136" blue="136" name="Bushenyi"         capital="Bushenyi" />
    <sub_region red="134" green="134" blue="134" name="Ntungame"        capital="Ntungame" />
    <sub_region red="132" green="132" blue="132" name="Rukungiri"        capital="Rukungiri" />
    <sub_region red="130" green="130" blue="130" name="Kabale"        capital="Kabale" />
    <sub_region red="128" green="128" blue="128" name="Kiroso"        capital="Kiroso" />
    <sub_region red="126" green="126" blue="126" name="Kalangala"        capital="Kalangala" />
</region>


