<?xml version="1.0" encoding="UTF-8"?>

<region name="Turkey" leader="Abdullah Gul" capital="Kabul">
    <sub_region red="250" green="250" blue="250" name="Ardahan"      capital="Ardahan" />
    <sub_region red="248" green="248" blue="248" name="Sivas"        capital="Sivas" />
    <sub_region red="246" green="246" blue="246" name="Kutahya"           capital="Kutahya" />
    <sub_region red="244" green="244" blue="244" name="Karaman"         capital="Karaman" />
    <sub_region red="242" green="242" blue="242" name="Kirsehir"          capital="Kirsehir" />
    <sub_region red="240" green="240" blue="240" name="Diyarbakir"        capital="Diyarbakir" />
    <sub_region red="238" green="238" blue="238" name="Isparta"          capital="Isparta" />
    <sub_region red="236" green="236" blue="236" name="Bartin"          capital="Bartin" />
    <sub_region red="234" green="234" blue="234" name="Bayburt"         capital="Bayburt" />
    <sub_region red="232" green="232" blue="232" name="Aydin"          capital="Aydin" />
    <sub_region red="230" green="230" blue="230" name="Sakarya"           capital="Sakarya" />
    <sub_region red="228" green="228" blue="228" name="Gaziantep"       capital="Gaziantep" />
    <sub_region red="226" green="226" blue="226" name="Van"   capital="Van" />
    <sub_region red="224" green="224" blue="224" name="Istanbul"           capital="Istanbul" />
    <sub_region red="222" green="222" blue="222" name="Corum"          capital="Corum" />
    <sub_region red="220" green="220" blue="220" name="Tunceli"           capital="Tunceli" />
    <sub_region red="218" green="218" blue="218" name="Edirne"        capital="Edirne" />
    <sub_region red="216" green="216" blue="216" name="Adana"           capital="Adana" />
    <sub_region red="214" green="214" blue="214" name="Tokat"         capital="Tokat" />
    <sub_region red="212" green="212" blue="212" name="Balikesir"          capital="Balikesir" />
    <sub_region red="210" green="210" blue="210" name="Eskisehir"       capital="Eskisehir" />
    <sub_region red="208" green="208" blue="208" name="Adiyaman"          capital="Adiyaman" />
    <sub_region red="206" green="206" blue="206" name="Samsun"          capital="Samsun" />
    <sub_region red="204" green="204" blue="204" name="Erzurum"         capital="Erzurum" />
    <sub_region red="202" green="202" blue="202" name="Konya"         capital="Konya" />
    <sub_region red="200" green="200" blue="200" name="Tekirdag"      capital="Tekirdag" />
    <sub_region red="198" green="198" blue="198" name="Mugla"        capital="Mugla" />
    <sub_region red="196" green="196" blue="196" name="Kastamonu"           capital="Kastamonu" />
    <sub_region red="194" green="194" blue="194" name="Siir"         capital="Siir" />
    <sub_region red="192" green="192" blue="192" name="Giresun"          capital="Giresun" />
    <sub_region red="190" green="190" blue="190" name="Mardin"        capital="Mardin" />
    <sub_region red="188" green="188" blue="188" name="Afyon"          capital="Afyon" />
    <sub_region red="186" green="186" blue="186" name="Kocaeli"          capital="Kocaeli" />
    <sub_region red="184" green="184" blue="184" name="Kayseri"         capital="Kayseri" />
    <sub_region red="182" green="182" blue="182" name="Malatya"          capital="Malatya" />
    <sub_region red="180" green="180" blue="180" name="Antalya"           capital="Antalya" />
    <sub_region red="178" green="178" blue="178" name="Kirikkale"       capital="Kirikkale" />
    <sub_region red="176" green="176" blue="176" name="Hatay"   capital="Hatay" />
    <sub_region red="174" green="174" blue="174" name="Hakkari"           capital="Hakkari" />
    <sub_region red="172" green="172" blue="172" name="Bolu"          capital="Bolu" />
    <sub_region red="170" green="170" blue="170" name="Aksaray"           capital="Aksaray" />
    <sub_region red="168" green="168" blue="168" name="Sanliurfa"        capital="Sanliurfa" />
    <sub_region red="166" green="166" blue="166" name="Denizli"           capital="Denizli" />
    <sub_region red="164" green="164" blue="164" name="Kars"         capital="Kars" />
    <sub_region red="162" green="162" blue="162" name="Rize"          capital="Rize" />
    <sub_region red="160" green="160" blue="160" name="Neusehir"       capital="Neusehir" />
    <sub_region red="158" green="158" blue="158" name="Bursa"          capital="Bursa" />
    <sub_region red="156" green="156" blue="156" name="Kirklareli"          capital="Kirklareli" />
    <sub_region red="154" green="154" blue="154" name="Bitlis"         capital="Bitlis" />
    <sub_region red="152" green="152" blue="152" name="Osmaniye"         capital="Osmaniye" />
    <sub_region red="150" green="150" blue="150" name="Cankiri"            capital="Cankiri" />
    <sub_region red="148" green="148" blue="148" name="Mersin"        capital="Mersin" />
    <sub_region red="146" green="146" blue="146" name="Manisa"         capital="Manisa" />
    <sub_region red="144" green="144" blue="144" name="Erzincan"           capital="Erzincan" />
    <sub_region red="142" green="142" blue="142" name="Sinop"           capital="Sinop" />
    <sub_region red="140" green="140" blue="140" name="Mus"           capital="Mus" />
    <sub_region red="138" green="138" blue="138" name="Igdir"          capital="Igdir" />
    <sub_region red="136" green="136" blue="136" name="Zonguldak"         capital="Zonguldak" />
    <sub_region red="134" green="134" blue="134" name="Yozgat"        capital="Yozgat" />
    <sub_region red="132" green="132" blue="132" name="K. Maras"         capital="K. Maras" />
    <sub_region red="130" green="130" blue="130" name="Sirnak"            capital="Sirnak" />
    <sub_region red="128" green="128" blue="128" name="Burdur"        capital="Burdur" />
    <sub_region red="126" green="126" blue="126" name="Canakkale"         capital="Canakkale" />
    <sub_region red="124" green="124" blue="124" name="Artuin"           capital="Artuin" />
    <sub_region red="122" green="122" blue="122" name="Elazig"           capital="Elazig" />
    <sub_region red="120" green="120" blue="120" name="Kilis"           capital="Kilis" />
    <sub_region red="118" green="118" blue="118" name="Nigde"          capital="Nigde" />
    <sub_region red="116" green="116" blue="116" name="Trabzon"         capital="Trabzon" />
    <sub_region red="114" green="114" blue="114" name="Ankara"        capital="Ankara" />
    <sub_region red="112" green="112" blue="112" name="Bilecik"         capital="Bilecik" />
    <sub_region red="110" green="110" blue="110" name="Amasya"            capital="Amasya" />
    <sub_region red="108" green="108" blue="108" name="Izmir"        capital="Izmir" />
    <sub_region red="106" green="106" blue="106" name="Ordu"         capital="Ordu" />
    <sub_region red="104" green="104" blue="104" name="Duzce"           capital="Duzce" />
    <sub_region red="102" green="102" blue="102" name="Vsak"           capital="Vsak" />
    <sub_region red="100" green="100" blue="100" name="Batman"           capital="Batman" />
    <sub_region red="98" green="98" blue="98" name="Agri"          capital="Agri" />
    <sub_region red="96" green="96" blue="96" name="Bingol"         capital="Bingol" />
    <sub_region red="94" green="94" blue="94" name="Gumushane"        capital="Gumushane" />
    <sub_region red="92" green="92" blue="92" name="Karabuk"         capital="Karabuk" />
    <sub_region red="90" green="90" blue="90" name="Yalova"            capital="Yalova" />
</region>

