<?xml version="1.0" encoding="UTF-8"?>

<region name="Thailand" leader="Yingluck Shinawatra" capital="Bangkok">
    <sub_region red="250" green="250" blue="250" name="Narathiwat"      capital="Narathiwat" />
    <sub_region red="245" green="245" blue="245" name="Yala"        capital="Yala" />
    <sub_region red="240" green="240" blue="240" name="Pattani"           capital="Pattani" />
    <sub_region red="235" green="235" blue="235" name="Songkhla"         capital="Songkhla" />
    <sub_region red="230" green="230" blue="230" name="Satun"          capital="Satun" />
    <sub_region red="225" green="225" blue="225" name="Phatthalung"        capital="Phatthalung" />
    <sub_region red="220" green="220" blue="220" name="Trang"          capital="Trang" />
    <sub_region red="215" green="215" blue="215" name="Nakhon Si Thammarat"          capital="Nakhon Si Thammarat" />
    <sub_region red="210" green="210" blue="210" name="Krabi"         capital="Krabi" />
    <sub_region red="205" green="205" blue="205" name="Phuket"          capital="Phuket" />
    <sub_region red="200" green="200" blue="200" name="Phang Nga"           capital="Phang Nga" />
    <sub_region red="195" green="195" blue="195" name="Surat Thani"       capital="Surat Thani" />
    <sub_region red="190" green="190" blue="190" name="Ranong"   capital="Ranong" />
    <sub_region red="185" green="185" blue="185" name="Chumphon"           capital="Chumphon" />
    <sub_region red="180" green="180" blue="180" name="Prachuap Khiri Khan"          capital="Prachuap Khiri Khan" />
    <sub_region red="175" green="175" blue="175" name="Phetchaburi"           capital="Phetchaburi" />
    <sub_region red="170" green="170" blue="170" name="Ratchaburi"        capital="Ratchaburi" />
    <sub_region red="165" green="165" blue="165" name="Kanchanaburi"           capital="Kanchanaburi" />
    <sub_region red="160" green="160" blue="160" name="Tak"         capital="Tak" />
    <sub_region red="155" green="155" blue="155" name="Mae Hong Son"          capital="Mae Hong Son" />
    <sub_region red="150" green="150" blue="150" name="Chiang Mai"       capital="Chiang Mai" />
    <sub_region red="145" green="145" blue="145" name="Lamphun"          capital="Lamphun" />
    <sub_region red="140" green="140" blue="140" name="Chiang Rai"          capital="Chiang Rai" />
    <sub_region red="135" green="135" blue="135" name="Lampang"         capital="Lampang" />
    <sub_region red="130" green="130" blue="130" name="Phayao"         capital="Phayao" />
    <sub_region red="125" green="125" blue="125" name="Nan"            capital="Nan" />
    <sub_region red="120" green="120" blue="120" name="Phrae"        capital="Phrae" />
    <sub_region red="115" green="115" blue="115" name="Uttaradit"         capital="Uttaradit" />
    <sub_region red="110" green="110" blue="110" name="Sukhothai"           capital="Sukhothai" />
    <sub_region red="105" green="105" blue="105" name="Kamphaeng Phet"           capital="Kamphaeng Phet" />
    <sub_region red="100" green="100" blue="100" name="Nakhon Sawan"           capital="Nakhon Sawan" />
    <sub_region red="95" green="95" blue="95" name="Uthaithani"          capital="Uthaithani" />
    <sub_region red="90" green="90" blue="90" name="Chainat"         capital="Chainat" />
    <sub_region red="88" green="88" blue="88" name="Suphanburi"        capital="Suphanburi" />

    <sub_region red="86" green="86" blue="86" name="Nakhon Pathom"         capital="Nakhon Pathom" />
    
    <sub_region red="84" green="84" blue="84" name="Samut Songkhram"         capital="Samut Songkhram" />
    
    <sub_region red="82" green="82" blue="82" name="Samut Sakhon"         capital="Samut Sakhon" />
    
    <sub_region red="80" green="80" blue="80" name="Samut Prakan"         capital="Samut Prakan" />
    
    <sub_region red="78" green="78" blue="78" name="Bangkok"         capital="Bangkok" />
    
    <sub_region red="76" green="76" blue="76" name="Nonthaburi"         capital="Nonthaburi" />
    
    <sub_region red="74" green="74" blue="74" name="Pathum Thani"         capital="Pathum Thani" />
    
    <sub_region red="72" green="72" blue="72" name="Ayutthaya"         capital="Ayutthaya" />
    
    <sub_region red="70" green="70" blue="70" name="Ang Thong"         capital="Ang Thong" />
    
    <sub_region red="68" green="68" blue="68" name="Singburi"         capital="Singburi" />
    
    <sub_region red="66" green="66" blue="66" name="Phitsanulok"         capital="Phitsanulok" />
    
    <sub_region red="64" green="64" blue="64" name="Phichit"         capital="Phichit" />
    
    <sub_region red="62" green="62" blue="62" name="Loei"         capital="Loei" />
    
    <sub_region red="60" green="60" blue="60" name="Phetchabun"         capital="Phetchabun" />
    
    <sub_region red="58" green="58" blue="58" name="Lopburi"         capital="Lopburi" />
    
    <sub_region red="56" green="56" blue="56" name="Saraburi"         capital="Saraburi" />
    
    <sub_region red="54" green="54" blue="54" name="Nakhon Nayok"         capital="Nakhon Nayok" />
    
    <sub_region red="52" green="52" blue="52" name="Chachoengsao"         capital="Chachoengsao" />
    
    <sub_region red="50" green="50" blue="50" name="Chonburi"         capital="Chonburi" />
    
    <sub_region red="48" green="48" blue="48" name="Rayong"         capital="Rayong" />
    
    <sub_region red="47" green="47" blue="47" name="Trat"         capital="Trat" />
    
    <sub_region red="46" green="46" blue="46" name="Chanthaburi"         capital="Chanthaburi" />
    
    <sub_region red="45" green="45" blue="45" name="Sa Kaew"         capital="Sa Kaew" />
    
    <sub_region red="44" green="44" blue="44" name="Prachin Buri"         capital="Prachin Buri" />
    
    <sub_region red="43" green="43" blue="43" name="Nakhon Ratchasima"         capital="Nakhon Ratchasima" />
    
    <sub_region red="42" green="42" blue="42" name="Chaiyaphum"         capital="Chaiyaphum" />
    
    <sub_region red="41" green="41" blue="41" name="Khon Kaen"         capital="Khon Kaen" />    
    <sub_region red="40" green="40" blue="40" name="Nong Bua Lamphu"         capital="Nong Bua Lamphu" />
    
        
    <sub_region red="39" green="39" blue="39" name="Udon Thani"         capital="Udon Thani" />
    
        
    <sub_region red="38" green="38" blue="38" name="Nong Khai"         capital="Nong Khai" />
    
        
    <sub_region red="37" green="37" blue="37" name="Sakon Nakhon"         capital="Sakon Nakhon" />
    
        
    <sub_region red="36" green="36" blue="36" name="Nakhon Phanom"         capital="Nakhon Phanom" />
    
        
    <sub_region red="35" green="35" blue="35" name="Kalasin"         capital="Kalasin" />
    
        
    <sub_region red="34" green="34" blue="34" name="Mukdahan"         capital="Mukdahan" />
    
        
    <sub_region red="33" green="33" blue="33" name="Maha Sarakham"         capital="Maha Sarakham" />
    
        
    <sub_region red="32" green="32" blue="32" name="Buriram"         capital="Buriram" />
    
        
    <sub_region red="31" green="31" blue="31" name="Surin"         capital="Surin" />
    
        
    <sub_region red="30" green="30" blue="30" name="Roi Et"         capital="Roi Et" />
    
        
    <sub_region red="29" green="29" blue="29" name="Yasothon"         capital="Yasothon" />
    
        
    <sub_region red="28" green="28" blue="28" name="Sisaket"         capital="Sisaket" />
    
        
    <sub_region red="27" green="27" blue="27" name="Amnat Charoen"         capital="Amnat Charoen" />
    
        
    <sub_region red="26" green="26" blue="26" name="Ubon Ratchathani"         capital="Ubon Ratchathani" />
</region>

