<region name="Lithuania" leader="Bashar al-Assad" capital="Damascus">
<sub_region red="229" green="229" blue="229" name="Latakia" capital="Latakia"/>
<sub_region red="226" green="226" blue="226" name="Idlib" capital="Idlib"/>
<sub_region red="223" green="223" blue="223" name="Aleppo" capital="Aleppo"/>
<sub_region red="220" green="220" blue="220" name="Al-Raqqah" capital="Al-Raqqah"/>
<sub_region red="217" green="217" blue="217" name="Al-Hasakah" capital="Al-Hasakah"/>
<sub_region red="214" green="214" blue="214" name="Tartus" capital="Tartus"/>
<sub_region red="211" green="211" blue="211" name="Hama" capital="Hama"/>
<sub_region red="208" green="208" blue="208" name="Deir ez-Zor" capital="Deir"/>
<sub_region red="205" green="205" blue="205" name="Homs" capital="Homs"/>
<sub_region red="202" green="202" blue="202" name="Damascus" capital="Damascus"/>
<sub_region red="199" green="199" blue="199" name="Rif Dimashq" capital="rif Dimashq"/>
<sub_region red="196" green="196" blue="196" name="Quneitra" capital="Quneitra"/>
<sub_region red="193" green="193" blue="193" name="Daraa" capital="Daraa"/>
<sub_region red="190" green="190" blue="190" name="Al-Suwayda" capital="Al-Suwayda"/>
</region>