<?xml version="1.0" encoding="UTF-8"?>

<region name="Slovenia" leader="Borut Pahor" capital="Ljublijana">
<sub_region red="200" green="200" blue="200" name="Pomurska"              capital="Murska Sobota"/>
<sub_region red="198" green="198" blue="198" name="Podravska"             capital="Maribor"/>
<sub_region red="196" green="196" blue="196" name="Koroska"               capital="Ravne na Koroskem"/>
<sub_region red="194" green="194" blue="194" name="Savinjska"             capital="Celje"/>
<sub_region red="192" green="192" blue="192" name="Zasavska"              capital="Trbovile"/>
<sub_region red="190" green="190" blue="190" name="Spodnjeposavaska"      capital="Krsko"/>
<sub_region red="188" green="188" blue="188" name="Jugoyzhodna Slovenija" capital="Novo Mesto"/>
<sub_region red="186" green="186" blue="186" name="Notranjsko-kraska"     capital="Postojna"/>
<sub_region red="184" green="184" blue="184" name="Orednjeslovenska"      capital="Ljublijana"/>
<sub_region red="182" green="182" blue="182" name="Goreniska"             capital="Kranj"/>
<sub_region red="180" green="180" blue="180" name="Goriska"               capital="Nova Gorica"/>
<sub_region red="178" green="178" blue="178" name="Obalno-kraska"         capital="Koper"/>
</region>