<?xml version="1.0" encoding="UTF-8"?>
<region name="Ethiopia" leader="Girma Wolde-Giorgis" capital="Addis Ababa">
    <sub_region red="200" green="200" blue="200" name="Tigray" capital="Mek'ele"/>
    <sub_region red="198" green="198" blue="198" name="Amhara" capital="Bahir Dar"/>
    <sub_region red="196" green="196" blue="196" name="Afar" capital="Semera"/>
    <sub_region red="194" green="194" blue="194" name="Benishangul-Gumaz" capital="Asosa"/>
    <sub_region red="192" green="192" blue="192" name="Oromia" capital="Addis Ababa"/>
    <sub_region red="190" green="190" blue="190" name="Addis Ababa" capital="Addis Ababa"/>
    <sub_region red="186" green="186" blue="186" name="Dire Dawa" capital="Dire Dawa"/>
    <sub_region red="184" green="184" blue="184" name="Harari" capital="Harar"/>
    <sub_region red="181" green="181" blue="181" name="Somali" capital="Jijiga"/>
    <sub_region red="177" green="177" blue="177" name="Gambela" capital="Gambela"/>
    <sub_region red="174" green="174" blue="174" name="Southern Nations, Nationalties, and Peoples" capital="Hawassa"/>
</region>