<?xml version="1.0" encoding="UTF-8"?>

<region name="Mongolia" leader="Tsakhiagiin Elbegdorj" capital="Ulaanbaatar">
    <sub_region red="200" green="200" blue="200" name="Dornod"      	capital="Choibalsan" />
    <sub_region red="196" green="196" blue="196" name="Khentii"        	capital="Undurkhaan" />
    <sub_region red="194" green="194" blue="194" name="Sukhbaatar"		capital="Baruun-Urt" />
    <sub_region red="192" green="192" blue="192" name="Dornogovi"       capital="Sainshand" />
    <sub_region red="190" green="190" blue="190" name="Govisumber"      capital="Choir" />
    <sub_region red="188" green="188" blue="188" name="Selenge"         capital="Sukhbaatar" />
    <sub_region red="186" green="186" blue="186" name="Tuv"         	capital="Zuunmod" />
    <sub_region red="184" green="184" blue="184" name="Darkhan-Uul"     capital="Darkhan" />
    <sub_region red="182" green="182" blue="182" name="Ulaanbaatar"     capital="Ulaanbaatar" />
    <sub_region red="180" green="180" blue="180" name="Dundgovi"        capital="Mandalgovi" />
    <sub_region red="178" green="178" blue="178" name="Umnugovi"       	capital="Dalanzadgad" />
    <sub_region red="176" green="176" blue="176" name="Uvurkhangai"  	capital="Arvaikheer" />
    <sub_region red="174" green="174" blue="174" name="Bulgan"          capital="Bulgan" />
	<sub_region red="172" green="172" blue="172" name="Khuvsgul"        capital="Murun" />
    <sub_region red="170" green="170" blue="170" name="Arkhangai"       capital="Tsetserleg" />
    <sub_region red="168" green="168" blue="168" name="Bayankhongor"    capital="Bayankhongor" />
    <sub_region red="166" green="166" blue="166" name="Govi-Altai"      capital="Altai" />
    <sub_region red="164" green="164" blue="164" name="Zavkhan"         capital="Uliastai" />
	<sub_region red="162" green="162" blue="162" name="Uvs"             capital="Ulaangom" />
    <sub_region red="160" green="160" blue="160" name="Khovd"       	capital="Khovd" />
    <sub_region red="158" green="158" blue="158" name="Bayan-Ulgii"     capital="Ulgii" />
    <sub_region red="156" green="156" blue="156" name="Orkhon"          capital="Erdenet" />
</region>

