<?xml version="1.0" encoding="UTF-8"?><region name="Bosnia and Herzegovina" leader="Vjekoslav Bevanda" capital="Sarajevo">
<sub_region red="175" green="175" blue="175" name="Vlasenica" capital="Zvornik"/>
<sub_region red="160" green="160" blue="160" name="Sarajevo Romanija" capital="Istocno Sarajevo"/>	
<sub_region red="150" green="150" blue="150" name="Trebinje" capital="Trebinje"/>
<sub_region red="144" green="144" blue="144" name="Sarajevo" capital="Sarajevo"/>
<sub_region red="140" green="140" blue="140" name="Posavina" capital="Orasje"/>
<sub_region red="135" green="135" blue="135" name="Tuzla" capital="Tuzla"/>
<sub_region red="130" green="130" blue="130" name="Herzegovina Neretva" capital="Mostar"/>
<sub_region red="120" green="120" blue="120" name="Doboj" capital="Doboj"/>	
<sub_region red="115" green="115" blue="115" name="Brcko District" capital="Brcko"/>	
<sub_region red="110" green="110" blue="110" name="Central Bosnia" capital="Travnik"/>
<sub_region red="105" green="105" blue="105" name="Foca" capital="Foca"/>
<sub_region red="99" green="99" blue="99" name="West Herzegovina" capital="Siroki Brijeg"/>
<sub_region red="88" green="88" blue="88" name="Canton 10" capital="Livno"/>
<sub_region red="77" green="77" blue="77" name="Zenica-Doboj" capital="Zenica"/>
<sub_region red="75" green="75" blue="75" name="Bosnian Podrinje" capital="Gorazde"/>
<sub_region red="66" green="66" blue="66" name="Banja Luka" capital="Banja Luka"/>
<sub_region red="50" green="50" blue="50" name="Bijeljina" capital="Bijeljina"/>
<sub_region red="44" green="44" blue="44" name="Una Sana" capital="Bihac"/>
</region>
