<?xml version="1.0" encoding="UTF-8"?>

<region name="Serbia" leader="Tomislav Nikolic" capital="Belgrade">
    <sub_region red="201" green="201" blue="201" name="West Backa"        capital="Sombor" />
    <sub_region red="202" green="202" blue="202" name="North Backa"           capital="Subotica" />
    <sub_region red="203" green="203" blue="203" name="North Banat"         capital="Kikinda" />
    <sub_region red="204" green="204" blue="204" name="South Backa"          capital="Novi Sad" />
    <sub_region red="205" green="205" blue="205" name="Central Banat"        capital="Zrenjanin" />
    <sub_region red="206" green="206" blue="206" name="Srem"          capital="Sremska Mitrovica" />
    <sub_region red="207" green="207" blue="207" name="City of Belgrade"          capital="Belgrade" />
    <sub_region red="208" green="208" blue="208" name="South Banat"         capital="Pancevo" />
    <sub_region red="209" green="209" blue="209" name="Macva"          capital="Sabac" />
    <sub_region red="210" green="210" blue="210" name="Kolubara"           capital="Valjievo" />
    <sub_region red="211" green="211" blue="211" name="Sumadija"       capital="Kragujevac" />
    <sub_region red="212" green="212" blue="212" name="Podunavlje"   capital="Smederevo" />
    <sub_region red="213" green="213" blue="213" name="Branicevo"           capital="Pozarevac" />
    <sub_region red="214" green="214" blue="214" name="Bor"          capital="Bor" />
    <sub_region red="215" green="215" blue="215" name="Zlatibor"           capital="Uzice" />
    <sub_region red="216" green="216" blue="216" name="Moravica"        capital="Cacak" />
    <sub_region red="217" green="217" blue="217" name="Raska"           capital="Kraljevo" />
    <sub_region red="218" green="218" blue="218" name="Pomoravlje"         capital="Jagodina" />
    <sub_region red="219" green="219" blue="219" name="Zajecar"          capital="Zajecar" />
    <sub_region red="220" green="220" blue="220" name="Rasina"       capital="Krusevac" />
    <sub_region red="221" green="221" blue="221" name="Nisava"          capital="Nis" />
    <sub_region red="222" green="222" blue="222" name="Pirot"          capital="Pirot" />
    <sub_region red="223" green="223" blue="223" name="Toplica"         capital="Prokuplje" />
    <sub_region red="224" green="224" blue="224" name="Jablanica"         capital="Leskovac" />
    <sub_region red="225" green="225" blue="225" name="Pcinja"            capital="Vranje" />
</region>

