<?xml version="1.0" encoding="UTF-8"?>

<region name="Myanmar" leader="Thein Sein" capital="Naypyidaw">
    <sub_region red="200" green="200" blue="200" name="Kachin"                capital="Myitkyina" />
    <sub_region red="195" green="195" blue="195" name="Sagaing"               capital="Sagaing" />
    <sub_region red="190" green="190" blue="190" name="Chin"                  capital="Hakha" />
    <sub_region red="185" green="185" blue="185" name="Rakhaing"              capital="Akyab" />
    <sub_region red="180" green="180" blue="180" name="Magwe"                 capital="Magwe" />
    <sub_region red="175" green="175" blue="175" name="Mandalay"              capital="Naypyidaw" />
    <sub_region red="170" green="170" blue="170" name="Shan"                  capital="Taunggyi" />
    <sub_region red="165" green="165" blue="165" name="Kayah"                 capital="Loikaw" />
    <sub_region red="160" green="160" blue="160" name="Kayin"                 capital="Hpa-an" />
    <sub_region red="155" green="155" blue="155" name="Bago"                  capital="Bago" />
    <sub_region red="150" green="150" blue="150" name="Ayeyarwaddy"           capital="Pathein" />
    <sub_region red="145" green="145" blue="145" name="Yangon"                capital="Yangon" />
    <sub_region red="140" green="140" blue="140" name="Mon"                   capital="Mawlamyine" />
    <sub_region red="135" green="135" blue="135" name="Tanintharyi"           capital="Dawei" />
</region>

