<region name = "Armenia" leader="Serzh Sargsyan" capital="Yerevan">
  <sub_region red="200" green="200" blue="200" name="Shirak" capital="Gyumri"/>
  <sub_region red="198" green="198" blue="198" name="Lori" capital="Vanadzor"/>
  <sub_region red="196" green="196" blue="196" name="Tavush" capital="Ljevan"/>
  <sub_region red="194" green="194" blue="194" name="Aragatsotn" capital="Ashtarak"/>
  <sub_region red="192" green="192" blue="192" name="Kotayk" capital="Hrazdan"/>
  <sub_region red="190" green="190" blue="190" name="Gegharunik" capital="Gavar"/>
  <sub_region red="188" green="188" blue="188" name="Armavir" capital="Armavir"/>
  <sub_region red="186" green="186" blue="186" name="Yerevan" capital="Yerevan"/>
  <sub_region red="184" green="184" blue="184" name="Ararat" capital="Artashat"/>
  <sub_region red="182" green="182" blue="182" name="Vayots Dzor" capital="Yeghegnadzor"/>
  <sub_region red="180" green="180" blue="180" name="Syunik" capital="Kapan"/>
</region>