<region name="Czech Republic" leader="Miloš Zeman" capital="Prague">
<sub_region red="200" green="200" blue="200" name="Sandys" capital="Scotts Hill"/>
<sub_region red="199" green="199" blue="199" name="Southampton" capital="Southampton"/> 
<sub_region red="198" green="198" blue="198" name="Warwick" capital="Hill View"/>
<sub_region red="197" green="197" blue="197" name="Paget" capital="Paget"/>
<sub_region red="196" green="196" blue="196" name="Pembroke" capital="Pembroke"/>
<sub_region red="195" green="195" blue="195" name="Devonshire" capital="North Shore Village"/>
<sub_region red="194" green="194" blue="194" name="Smith's" capital="Flatt’s Village"/>
<sub_region red="193" green="193" blue="193" name="Hamilton" capital="Sunnyside"/>
<sub_region red="192" green="192" blue="192" name="Saint George" capital="Saint George"/>
<sub_region red="191" green="191" blue="191" name="Hamilton" capital="Hamilton"/>
<sub_region red="190" green="190" blue="190" name="Town of Saint George's" capital="Town of Saint George"/>
</region>