<region name="Burundi" leader="Pierre Nkurunziza" capital="Bujumbura">
<sub_region red="200" green="200" blue="200" name="Makamba" capital="Makamba"/>
<sub_region red="195" green="195" blue="195" name="Bururi" capital="Bururi"/>
<sub_region red="190" green="190" blue="190" name="Rutana" capital="Rutana"/>
<sub_region red="185" green="185" blue="185" name="Bujumbura Rural" capital="Bujumbura Rural"/>
<sub_region red="180" green="180" blue="180" name="Bujumbura Mairie" capital="Bujumbura"/>
<sub_region red="175" green="175" blue="175" name="Ruyigi" capital="Ruyigi"/>
<sub_region red="170" green="170" blue="170" name="Gitega" capital="Gitega"/>
<sub_region red="165" green="165" blue="165" name="Mwaro" capital="Mwaro"/>
<sub_region red="160" green="160" blue="160" name="Muramvya" capital="Muramvya"/>
<sub_region red="155" green="155" blue="155" name="Bubanza" capital="Bubanza"/>
<sub_region red="150" green="150" blue="150" name="Cibitoke" capital="Cibitoke"/>
<sub_region red="145" green="145" blue="145" name="Kayanza" capital="Kayanza"/>
<sub_region red="140" green="140" blue="140" name="Ngozi" capital="Ngozi"/>
<sub_region red="135" green="135" blue="135" name="Karuzi" capital="Karuzi"/>
<sub_region red="130" green="130" blue="130" name="Cankuzo" capital="Cankuzo"/>
<sub_region red="125" green="125" blue="125" name="Muyinga" capital="Muyinga"/>
<sub_region red="120" green="120" blue="120" name="Kirundo" capital="Kirundo"/>
</region>