<?xml version="1.0" encoding="UTF-8"?>

<region name="Scotland" leader="Alex Salmond" capital="Edinburgh">
    <sub_region red="200" green="200" blue="200" name="Aberdeen City"   capital="Aberdeen" />
    <sub_region red="198" green="198" blue="198" name="Aberdeenshire"   capital="Aberdeen City" />
    <sub_region red="196" green="196" blue="196" name="Angus"           capital="Forfar" />
    <sub_region red="194" green="194" blue="194" name="Argyll and Bute" capital="Lochgilphead" />
    <sub_region red="192" green="192" blue="192" name="Clackmannanshire"       capital="Alloa" />
    <sub_region red="190" green="190" blue="190" name="Dumfries and Galloway"  capital="Dumfries" />
    <sub_region red="188" green="188" blue="188" name="Dundee City"     capital="Dundee" />
    <sub_region red="186" green="186" blue="186" name="East Ayrshire"   capital="Kilmarnock" />
    <sub_region red="184" green="184" blue="184" name="East Dunbartonshire"    capital="Kirkintilloch" />
    <sub_region red="182" green="182" blue="182" name="East Lothian"    capital="Haddington" />
    <sub_region red="180" green="180" blue="180" name="East Renfrewshire"      capital="Giffnock" />
    <sub_region red="178" green="178" blue="178" name="City of Edinburgh"      capital="Edinburgh" />
    <sub_region red="176" green="176" blue="176" name="Falkirk"         capital="Falkirk" />
    <sub_region red="174" green="174" blue="174" name="Fife"            capital="Glenrothes" />
    <sub_region red="172" green="172" blue="172" name="Glasgow City"    capital="Glasgow" />
    <sub_region red="170" green="170" blue="170" name="Highland"        capital="Inverness" />
    <sub_region red="168" green="168" blue="168" name="Inverclyde"      capital="Greenock" />
    <sub_region red="166" green="166" blue="166" name="Midlothian"      capital="Dalkeith" />
    <sub_region red="164" green="164" blue="164" name="Moray"           capital="Elgin" />
    <sub_region red="162" green="162" blue="162" name="North Ayrshire"  capital="Irvine" />
    <sub_region red="160" green="160" blue="160" name="North Lanarkshire"      capital="Motherwell" />
    <sub_region red="158" green="158" blue="158" name="Perth and Kinross"      capital="Perth" />
    <sub_region red="156" green="156" blue="156" name="Renfrewshire"    capital="Paisley" />
    <sub_region red="154" green="154" blue="154" name="Scottish Borders"       capital="Newtown St Boswells" />
    <sub_region red="152" green="152" blue="152" name="South Ayrshire"  capital="Ayr" />
    <sub_region red="150" green="150" blue="150" name="South Lanarkshire"      capital="Hamilton" />
    <sub_region red="148" green="148" blue="148" name="Stirling"        capital="Stirling" />
    <sub_region red="146" green="146" blue="146" name="West Dunbartonshire"    capital="Dumbarton" />
    <sub_region red="144" green="144" blue="144" name="West Lothian"    capital="Livingston" />
    <sub_region red="142" green="142" blue="142" name="Na h-Eileanan Siar"     capital="Stornoway" />
    <sub_region red="140" green="140" blue="140" name="Orkney"          capital="Kirkwall" />
    <sub_region red="138" green="138" blue="138" name="Shetland"        capital="Lerwick" />
</region>

