<region name="Italy" leader="Giorgio Napolitano" capital="Rome">
<sub_region red="220" green="220" blue="220" name="Piemonte" capital="Turin"/>
<sub_region red="215" green="215" blue="215" name="Valle d' Aosta" capital="Aosta"/>
<sub_region red="210" green="210" blue="210" name="Lombardia" capital="Milan"/>
<sub_region red="205" green="205" blue="205" name="Trentino-Alto Adige" capital="Trento"/>
<sub_region red="195" green="195" blue="195" name="Fruili-Venezia Giullia" capital="Trieste"/>
<sub_region red="200" green="200" blue="200" name="Veneto" capital="Venice"/>
<sub_region red="185" green="185" blue="185" name="Liguaria" capital="Genoa"/>
<sub_region red="190" green="190" blue="190" name="Emilia Romagna" capital="Bologna"/>
<sub_region red="180" green="180" blue="180" name="Toscana" capital="Florence"/>
<sub_region red="175" green="175" blue="175" name="Marche" capital="Ancona"/>
<sub_region red="170" green="170" blue="170" name="Umbria" capital="Perugia"/>
<sub_region red="165" green="165" blue="165" name="Lazio" capital="Rome"/>
<sub_region red="160" green="160" blue="160" name="Abruzzo" capital="L'Aquila"/>
<sub_region red="155" green="155" blue="155" name="Molise" capital="Campobasso"/>
<sub_region red="150" green="150" blue="150" name="Campania" capital="Naples"/>
<sub_region red="145" green="145" blue="145" name="Puglia" capital="Bari"/>
<sub_region red="140" green="140" blue="140" name="Basillicata" capital="Potenza"/>
<sub_region red="135" green="135" blue="135" name="Calabria" capital="Catanzaro"/>
<sub_region red="130" green="130" blue="130" name="Sicily" capital="Palermo"/>
<sub_region red="125" green="125" blue="125" name="Sardegna" capital="Cagliari"/>
</region>