<region name="Somalia" leader="Hassan Sheikh Mohamud" capital="Mogadishu">
<sub_region red="200" green="200" blue="200" name="Awdal" capital="Baki"/>
<sub_region red="195" green="195" blue="195" name="Woqooyi Galbeed" capital="Hargeysa"/>
<sub_region red="190" green="190" blue="190" name="Sanaag" capital="Ceerigaabo"/>
<sub_region red="185" green="185" blue="185" name="Bari" capital="Boosaaso"/>
<sub_region red="180" green="180" blue="180" name="Togdheer" capital="Burco"/>
<sub_region red="175" green="175" blue="175" name="Sool" capital="Laascaanood"/>
<sub_region red="170" green="170" blue="170" name="Nugaal" capital="Garoowe"/>
<sub_region red="165" green="165" blue="165" name="Mudug" capital="Gaalkacyo"/>
<sub_region red="160" green="160" blue="160" name="Galguduud" capital="Dhuusa Marreeb"/>
<sub_region red="155" green="155" blue="155" name="Hiraan" capital="Beledweyne"/>
<sub_region red="150" green="150" blue="150" name="M.Shabelle" capital="Jawhar"/>
<sub_region red="145" green="145" blue="145" name="Bakool" capital="Xuddur"/>
<sub_region red="140" green="140" blue="140" name="Gedo" capital="Garbahaarrey	"/>
<sub_region red="135" green="135" blue="135" name="Bay" capital="Baydhabo Dhuusa"/>
<sub_region red="130" green="130" blue="130" name="L.shabella" capital="Gardez"/>
<sub_region red="125" green="125" blue="125" name="M.juba" capital="Bu'aale"/>
<sub_region red="120" green="120" blue="120" name="L.juba" capital="Kismaayo"/>
</region>