<region name="Mauritania" leader="Mohamed Ould Abdel Aziz" capital="Nouakchott">
    <sub_region red="200" green="200" blue="200" name="Tiris Zemour" capital="Zaurate"/>
    <sub_region red="198" green="198" blue="198" name="Adrar" capital="Atar"/>
    <sub_region red="196" green="196" blue="196" name="Hodh Ech Chargui" capital="Nema"/>
    <sub_region red="194" green="194" blue="194" name="Tagant" capital="Tidjikdja"/>
    <sub_region red="192" green="192" blue="192" name="Hodh El Gharbi" capital="Ayoun el Atrous"/>
    <sub_region red="190" green="190" blue="190" name="Assaba" capital="Kifa"/>
    <sub_region red="188" green="188" blue="188" name="Guidimaka" capital="Selibaby"/>
    <sub_region red="186" green="186" blue="186" name="Gorgol" capital="Kaedi"/>
    <sub_region red="184" green="184" blue="184" name="Brakna" capital="Aleg"/>
    <sub_region red="182" green="182" blue="182" name="Trarza" capital="Rosso"/>
    <sub_region red="180" green="180" blue="180" name="Inchiri" capital="Akjoujt"/>
    <sub_region red="178" green="178" blue="178" name="Dakhlet Nouadhibou" capital="Nouadhibou"/>
</region>
