<region name="Uruguay" leader="Jos� Mujica" capital="Montevideo">
<sub_region red="230" green="230" blue="230" name="Artigas" capital="Artigas"/>
<sub_region red="225" green="225" blue="225" name="Salto" capital="Salto"/>
<sub_region red="220" green="220" blue="220" name="Rivera" capital="Rivera"/>
<sub_region red="215" green="215" blue="215" name="Paysandu" capital="Paysandu"/>
<sub_region red="210" green="210" blue="210" name="Tacuarembo" capital="Tacuarembo"/>
<sub_region red="205" green="205" blue="205" name="Cerro Largo" capital="Melo"/>
<sub_region red="200" green="200" blue="200" name="Rio Nergo" capital="Fray Bentos"/>
<sub_region red="195" green="195" blue="195" name="Durazno" capital="Durazno"/>
<sub_region red="190" green="190" blue="190" name="Treinta y Tres" capital="Treinta y Tres"/>
<sub_region red="185" green="185" blue="185" name="Soriano" capital="Mercedes"/>
<sub_region red="180" green="180" blue="180" name="Flores" capital="Trinidad"/>
<sub_region red="175" green="175" blue="175" name="Florida" capital="Florida"/>
<sub_region red="155" green="155" blue="155" name="Lavalleja" capital="Minas"/>
<sub_region red="165" green="165" blue="165" name="Rocha" capital="Rocha"/>
<sub_region red="160" green="160" blue="160" name="Colonia" capital="Colonia del Sacramento"/>
<sub_region red="155" green="155" blue="155" name="San Jose" capital="San Jose de Mayo"/>
<sub_region red="150" green="150" blue="150" name="Canelones" capital="Canelonea"/>
<sub_region red="145" green="145" blue="145" name="Montevideo" capital="Montevideo"/>
<sub_region red="140" green="140" blue="140" name="Maldonado" capital="Maldonado"/>
<sub_region red="135" green="135" blue="135" name="Extra Region" capital="Some where over the sea"/>
</region>