<region name="Czech Republic" leader="Miloš Zeman" capital="Prague">
<sub_region red="200" green="200" blue="200" name="Moravia-Silesia" capital="Ostrava"/> 
<sub_region red="199" green="199" blue="199" name="Olomouc" capital="Olomouc"/>         
<sub_region red="198" green="198" blue="198" name="Zlin" capital="Zlín"/>          
<sub_region red="197" green="197" blue="197" name="South Moravia" capital="Brno"/>   
<sub_region red="196" green="196" blue="196" name="Pardubice" capital="Pardubice"/>
<sub_region red="195" green="195" blue="195" name="Vysocina" capital="Jihlava"/>   
<sub_region red="194" green="194" blue="194" name="Hradec Kralove" capital="Hradec Králové"/> 
<sub_region red="193" green="193" blue="193" name="Liberec" capital="Liberec"/>    
<sub_region red="192" green="192" blue="192" name="Central Bohemia" capital="Kladno"/>    
<sub_region red="191" green="191" blue="191" name="South Bohemia" capital="České Budějovice"/>  
<sub_region red="190" green="190" blue="190" name="Prague" capital="Prague"/>     
<sub_region red="189" green="189" blue="189" name="Usti nad Labem" capital="Ústí nad Labem"/>  
<sub_region red="188" green="188" blue="188" name="Plzen" capital="Plzeň"/>     
<sub_region red="187" green="187" blue="187" name="Karlovy Vary" capital="Karlovy Vary"/>
</region>