<?xml version="1.0" encoding="UTF-8"?>

<region name="Albania" leader="Bujar Nishani" capital="Tirana">
<sub_region red="200" green="200" blue="200" name="Kukes" capital="Has"/>
<sub_region red="190" green="190" blue="190" name="Shkoder" capital="Puke"/>
<sub_region red="180" green="180" blue="180" name="Lezhe" capital="Kurbin"/>
<sub_region red="170" green="170" blue="170" name="Durres" capital="Kruje"/>
<sub_region red="160" green="160" blue="160" name="Diber" capital="Mat"/>
<sub_region red="150" green="150" blue="150" name="Tirana" capital="Kavaje"/>
<sub_region red="140" green="140" blue="140" name="Elbasan" capital="Librazhd"/>
<sub_region red="130" green="130" blue="130" name="Fier" capital="Lushnje"/>
<sub_region red="120" green="120" blue="120" name="Berat" capital="Kucove"/>
<sub_region red="110" green="110" blue="110" name="Korce" capital="Devoll"/>
<sub_region red="100" green="100" blue="100" name="Vlore" capital="Sarande"/>
<sub_region red="90" green="90" blue="90" name="Gjirokaster" capital="Permet"/>
</region>