﻿<?xml version="1.0" encoding="UTF-8"?>

<region name="Nepal" leader="Ram Baran Yadav" capital="Kathmandu">
    <sub_region red="200" green="200" blue="200" name="Mahakali"      capital="Mahendranagar" />
	<sub_region red="195" green="195" blue="195" name="Seti"          capital="Dipayal-Silgadhi" />
	<sub_region red="190" green="190" blue="190" name="Karnali"       capital="Jumla" />
	<sub_region red="185" green="185" blue="185" name="Bheri"         capital="Nepalgunj" />
	<sub_region red="180" green="180" blue="180" name="Rapti"         capital="Tulsipur" />
	<sub_region red="175" green="175" blue="175" name="Dhawalagiri"   capital="Baglung" />
	<sub_region red="170" green="170" blue="170" name="Lumbini"       capital="Butwal" />
	<sub_region red="165" green="165" blue="165" name="Gandaki"       capital="Pokhara" />
	<sub_region red="160" green="160" blue="185" name="Bagmati"       capital="Kathmandu" />
	<sub_region red="155" green="155" blue="155" name="Narayani"      capital="Hetauda" />
	<sub_region red="150" green="150" blue="150" name="Janakpur"      capital="Janakpur" />
	<sub_region red="145" green="145" blue="145" name="Sagarmatha"    capital="Rajbiraj" />
	<sub_region red="140" green="140" blue="140" name="Koshi"         capital="Biratnagar" />
	<sub_region red="135" green="135" blue="135" name="Mechi"         capital="Illam" />
</region>