<?xml version="1.0" encoding="UTF-8"?>

<region name="Montenegro" leader="Filip Vujanovic" capital="Podgorica">
   <sub_region red="80" green="80" blue="80" name="Ulcinj"		capital="Ulcinj" />
   <sub_region red="85" green="85" blue="85" name="Bar"     		capital="Bar" />
   <sub_region red="90" green="90" blue="90" name="Budva"		capital="Budva"/>
   <sub_region red="95" green="95" blue="95" name="Kotor"		capital="Kotor"/>
   <sub_region red="100" green="100" blue="100" name="Tivat"		capital="Tivat"/>
   <sub_region red="105" green="105" blue="105" name="Herceg Novi"	capital="Pljevlja"/>
   <sub_region red="115" green="115" blue="115" name="Podgorica"	capital="Podgorica" />
   <sub_region red="120" green="120" blue="120" name="Cetinje"   	capital="Cetinje" />
   <sub_region red="130" green="130" blue="130" name="Niksic"		capital="Niksic" />
   <sub_region red="135" green="135" blue="135" name="Danilovgrad" 	capital="Danilovgrad"/>
   <sub_region red="140" green="140" blue="140" name="Plav" 		capital="Plav"/>
   <sub_region red="145" green="145" blue="145" name="Andrijevica"	capital="Andrijevica"/>
   <sub_region red="150" green="150" blue="150" name="Kolasin"		capital="Kolasin"/>
   <sub_region red="155" green="155" blue="155" name="Savnik" 		capital="Savnik"/>
   <sub_region red="160" green="160" blue="160" name="Pluzine"		capital="Pluzine"/>
   <sub_region red="165" green="165" blue="165" name="Rozaje"		capital="Rozaje"/>
   <sub_region red="170" green="170" blue="170" name="Berane"  		capital="Berane" />
   <sub_region red="175" green="175" blue="175" name="Mojkovac"		capital="Mojkovac" />
   <sub_region red="180" green="180" blue="180" name="Zabljak" 		capital="Zabljak" />
   <sub_region red="185" green="185" blue="185" name="Bijelo Polje"	capital="Bijelo Polje" />
   <sub_region red="190" green="190" blue="190" name="Pljevlja"    	capital="Pljevlja" />
</region>

