<region name="Chile" leader="Sebasti�n Pi�era" capital="Santiago">
	<sub_region red="100" green="100" blue="100" name="Arica" capital="Arica"/>
	<sub_region red="105" green="105" blue="105" name="Atacama" capital="Atacama"/>
	<sub_region red="110" green="110" blue="110" name="Copiapo" capital="Copiapo"/>
	<sub_region red="115" green="115" blue="115" name="La Serena Coquimbo" capital="La Serena Coquimbo"/>
	<sub_region red="120" green="120" blue="120" name="Santiago" capital="Santiago"/>
	<sub_region red="125" green="125" blue="125" name="Rancagua" capital="Rancagua"/>
	<sub_region red="130" green="130" blue="130" name="Talca" capital="Talca"/>
	<sub_region red="135" green="135" blue="135" name="Concepcion" capital="Concepcion"/>
	<sub_region red="140" green="140" blue="140" name="Pucon" capital="Pucon"/>
	<sub_region red="145" green="145" blue="145" name="Puerto Varas" capital="Puerto Varas"/>
	<sub_region red="150" green="150" blue="150" name="Isla de Chiloe" capital="Isla de Chiloe"/>
	<sub_region red="155" green="155" blue="155" name="Puerto Chacabuco" capital="Puerto Chacabuco"/>
	<sub_region red="160" green="160" blue="160" name="Punta Arenas" capital="Punta Arenas"/>
</region>