<?xml version="1.0" encoding="UTF-8"?>
<!--
To change this template, choose Tools | Templates
and open the template in the editor.
-->


<region
    xmlns:xsi='http://www.w3.org/2001/XMLSchema-instance'
    xsi:noNamespaceSchemaLocation='src/javaapplication8/schema.xsd'>
    <sub_region red="200" green="200" blue="200" name="NCR" capital="Manila"></sub_region>
    <sub_region red="150" green="150" blue="150" name="Cordillera" capital="Baguio"></sub_region>
    <sub_region red="195" green="195" blue="195" name="Ilocos" capital="La Union"></sub_region>
    <sub_region red="155" green="155" blue="155" name="Cagayan" capital="Tuguegarao"></sub_region>
    <sub_region red="190" green="190" blue="190" name="Central Luzon" capital="Pampanga"></sub_region>
    <sub_region red="160" green="160" blue="160" name="Calabarzon" capital="Calamba"></sub_region>
    <sub_region red="185" green="185" blue="185" name="Mimaropa" capital="Calapan"></sub_region>
    <sub_region red="165" green="165" blue="165" name="Bicol" capital="Legazpi"></sub_region>
    <sub_region red="180" green="180" blue="180" name="Western Visayas" capital="Iloilo"></sub_region>
    <sub_region red="151" green="151" blue="151" name="Central Visayas" capital="Cebu"></sub_region>
    <sub_region red="199" green="199" blue="199" name="Eastern Visayas" capital="Tacloban"></sub_region>
    <sub_region red="152" green="152" blue="152" name="Zamboanga" capital="Pagadian"></sub_region>
    <sub_region red="198" green="198" blue="198" name="Northern Mindanao" capital="Cagayan de Oro"></sub_region>
    <sub_region red="153" green="153" blue="153" name="Davao" capital="Davao"></sub_region>
    <sub_region red="183" green="183" blue="183" name="Soccsksargen" capital="Koronadal"></sub_region>
    <sub_region red="139" green="139" blue="139" name="Caraga" capital="Butuan"></sub_region>
    <sub_region red="138" green="138" blue="138" name="ARMM" capital="Cotabato"></sub_region>
    

</region>
